"dataset","predicate","precision","recall"
"cwa_dataset1_1","goal","0.9970","0.9796"
"cwa_dataset1_1","legal","1.0000","1.0000"
"cwa_dataset1_1","terminal","1.0000","1.0000"
"cwa_dataset1_1","next","0.9881","0.8294"
"cwa_dataset1_2","goal","0.8713","0.9882"
"cwa_dataset1_2","legal","1.0000","1.0000"
"cwa_dataset1_2","terminal","1.0000","1.0000"
"cwa_dataset1_2","next","0.9901","0.9857"
"cwa_dataset1_3","goal","0.8713","0.9882"
"cwa_dataset1_3","legal","1.0000","1.0000"
"cwa_dataset1_3","terminal","1.0000","1.0000"
"cwa_dataset1_3","next","1.0000","1.0000"
"cwa_dataset1_4","goal","0.8713","0.9882"
"cwa_dataset1_4","legal","1.0000","1.0000"
"cwa_dataset1_4","terminal","1.0000","1.0000"
"cwa_dataset1_4","next","1.0000","1.0000"
"cwa_dataset2_1","goal","0.9996","0.9996"
"cwa_dataset2_1","legal","1.0000","1.0000"
"cwa_dataset2_1","terminal","1.0000","0.8571"
"cwa_dataset2_1","next","0.9880","0.8701"
"cwa_dataset2_2","goal","0.9996","0.9996"
"cwa_dataset2_2","legal","1.0000","1.0000"
"cwa_dataset2_2","terminal","1.0000","0.8571"
"cwa_dataset2_2","next","0.9872","0.9811"
"cwa_dataset2_3","goal","0.9996","0.9996"
"cwa_dataset2_3","legal","1.0000","1.0000"
"cwa_dataset2_3","terminal","1.0000","1.0000"
"cwa_dataset2_3","next","0.9973","0.9971"
"cwa_dataset2_4","goal","0.9866","1.0000"
"cwa_dataset2_4","legal","1.0000","1.0000"
"cwa_dataset2_4","terminal","1.0000","1.0000"
"cwa_dataset2_4","next","1.0000","1.0000"
"cwa_dataset3_1","goal","0.9996","0.9996"
"cwa_dataset3_1","legal","1.0000","1.0000"
"cwa_dataset3_1","terminal","1.0000","1.0000"
"cwa_dataset3_1","next","0.9758","0.9410"
"cwa_dataset3_2","goal","0.9996","0.9996"
"cwa_dataset3_2","legal","1.0000","1.0000"
"cwa_dataset3_2","terminal","1.0000","1.0000"
"cwa_dataset3_2","next","1.0000","1.0000"
"cwa_dataset3_3","goal","0.9996","0.9996"
"cwa_dataset3_3","legal","1.0000","1.0000"
"cwa_dataset3_3","terminal","1.0000","1.0000"
"cwa_dataset3_3","next","1.0000","1.0000"
"cwa_dataset3_4","goal","0.9426","0.9426"
"cwa_dataset3_4","legal","1.0000","1.0000"
"cwa_dataset3_4","terminal","1.0000","1.0000"
"cwa_dataset3_4","next","1.0000","1.0000"
