"dataset","predicate","precision","recall"
"cwa_dataset1_1","goal","0.9738","1.0000"
"cwa_dataset1_1","legal","1.0000","1.0000"
"cwa_dataset1_1","terminal","1.0000","1.0000"
"cwa_dataset1_1","next","0.6481","0.8619"
"cwa_dataset1_2","goal","1.0000","1.0000"
"cwa_dataset1_2","legal","1.0000","1.0000"
"cwa_dataset1_2","terminal","1.0000","1.0000"
"cwa_dataset1_2","next","0.7611","1.0000"
"cwa_dataset1_3","goal","1.0000","1.0000"
"cwa_dataset1_3","legal","1.0000","1.0000"
"cwa_dataset1_3","terminal","0.9918","1.0000"
"cwa_dataset1_3","next","0.8201","1.0000"
"cwa_dataset1_4","goal","1.0000","1.0000"
"cwa_dataset1_4","legal","1.0000","1.0000"
"cwa_dataset1_4","terminal","0.9918","1.0000"
"cwa_dataset1_4","next","0.9651","1.0000"
"cwa_dataset2_1","goal","0.9996","0.9996"
"cwa_dataset2_1","legal","1.0000","1.0000"
"cwa_dataset2_1","terminal","1.0000","0.8571"
"cwa_dataset2_1","next","0.6576","0.9301"
"cwa_dataset2_2","goal","0.9996","0.9996"
"cwa_dataset2_2","legal","1.0000","1.0000"
"cwa_dataset2_2","terminal","1.0000","0.8571"
"cwa_dataset2_2","next","0.6576","0.9301"
"cwa_dataset2_3","goal","0.9996","0.9996"
"cwa_dataset2_3","legal","1.0000","1.0000"
"cwa_dataset2_3","terminal","0.9988","1.0000"
"cwa_dataset2_3","next","0.9942","1.0000"
"cwa_dataset2_4","goal","1.0000","1.0000"
"cwa_dataset2_4","legal","1.0000","1.0000"
"cwa_dataset2_4","terminal","1.0000","1.0000"
"cwa_dataset2_4","next","0.9963","1.0000"
"cwa_dataset3_1","goal","0.9996","0.9996"
"cwa_dataset3_1","legal","1.0000","1.0000"
"cwa_dataset3_1","terminal","0.9988","1.0000"
"cwa_dataset3_1","next","0.5889","0.9517"
"cwa_dataset3_2","goal","0.9996","0.9996"
"cwa_dataset3_2","legal","1.0000","1.0000"
"cwa_dataset3_2","terminal","0.9988","1.0000"
"cwa_dataset3_2","next","0.8344","1.0000"
"cwa_dataset3_3","goal","0.9996","0.9996"
"cwa_dataset3_3","legal","1.0000","1.0000"
"cwa_dataset3_3","terminal","1.0000","1.0000"
"cwa_dataset3_3","next","0.9380","1.0000"
"cwa_dataset3_4","goal","0.9897","1.0000"
"cwa_dataset3_4","legal","1.0000","1.0000"
"cwa_dataset3_4","terminal","1.0000","1.0000"
"cwa_dataset3_4","next","0.9998","1.0000"
