"dataset","predicate","precision","recall"
"cwa_dataset1_1","goal","1.0000","0.8554"
"cwa_dataset1_1","legal","1.0000","1.0000"
"cwa_dataset1_1","terminal","1.0000","1.0000"
"cwa_dataset1_1","next","1.0000","0.5000"
"cwa_dataset1_2","goal","1.0000","0.8632"
"cwa_dataset1_2","legal","1.0000","1.0000"
"cwa_dataset1_2","terminal","1.0000","1.0000"
"cwa_dataset1_2","next","1.0000","0.0000"
"cwa_dataset1_3","goal","1.0000","0.8632"
"cwa_dataset1_3","legal","1.0000","1.0000"
"cwa_dataset1_3","terminal","1.0000","1.0000"
"cwa_dataset1_3","next","1.0000","0.0000"
"cwa_dataset1_4","goal","1.0000","0.8654"
"cwa_dataset1_4","legal","1.0000","1.0000"
"cwa_dataset1_4","terminal","1.0000","1.0000"
"cwa_dataset1_4","next","1.0000","0.0000"
"cwa_dataset2_1","goal","1.0000","0.8598"
"cwa_dataset2_1","legal","1.0000","1.0000"
"cwa_dataset2_1","terminal","1.0000","1.0000"
"cwa_dataset2_1","next","1.0000","0.5000"
"cwa_dataset2_2","goal","1.0000","0.8621"
"cwa_dataset2_2","legal","1.0000","1.0000"
"cwa_dataset2_2","terminal","1.0000","1.0000"
"cwa_dataset2_2","next","1.0000","0.0000"
"cwa_dataset2_3","goal","1.0000","0.8654"
"cwa_dataset2_3","legal","1.0000","1.0000"
"cwa_dataset2_3","terminal","1.0000","1.0000"
"cwa_dataset2_3","next","1.0000","0.0000"
"cwa_dataset2_4","goal","1.0000","0.8654"
"cwa_dataset2_4","legal","1.0000","1.0000"
"cwa_dataset2_4","terminal","1.0000","1.0000"
"cwa_dataset2_4","next","1.0000","0.0000"
"cwa_dataset3_1","goal","1.0000","0.8621"
"cwa_dataset3_1","legal","1.0000","1.0000"
"cwa_dataset3_1","terminal","1.0000","1.0000"
"cwa_dataset3_1","next","1.0000","0.5000"
"cwa_dataset3_2","goal","1.0000","0.8632"
"cwa_dataset3_2","legal","1.0000","1.0000"
"cwa_dataset3_2","terminal","1.0000","1.0000"
"cwa_dataset3_2","next","1.0000","0.0000"
"cwa_dataset3_3","goal","1.0000","0.8643"
"cwa_dataset3_3","legal","1.0000","1.0000"
"cwa_dataset3_3","terminal","1.0000","1.0000"
"cwa_dataset3_3","next","1.0000","0.0000"
"cwa_dataset3_4","goal","1.0000","0.8654"
"cwa_dataset3_4","legal","1.0000","1.0000"
"cwa_dataset3_4","terminal","1.0000","1.0000"
"cwa_dataset3_4","next","1.0000","0.0000"
