"dataset","predicate","precision","recall"
"cwa_dataset1_1","goal","0.5250","0.9800"
"cwa_dataset1_1","legal","1.0000","1.0000"
"cwa_dataset1_1","terminal","1.0000","1.0000"
"cwa_dataset1_1","next","0.8454","0.8454"
"cwa_dataset1_2","goal","0.5250","0.9800"
"cwa_dataset1_2","legal","1.0000","1.0000"
"cwa_dataset1_2","terminal","1.0000","1.0000"
"cwa_dataset1_2","next","0.8454","0.8454"
"cwa_dataset1_3","goal","0.5250","0.9800"
"cwa_dataset1_3","legal","1.0000","1.0000"
"cwa_dataset1_3","terminal","1.0000","1.0000"
"cwa_dataset1_3","next","0.8454","0.8454"
"cwa_dataset1_4","goal","0.5250","0.9800"
"cwa_dataset1_4","legal","1.0000","1.0000"
"cwa_dataset1_4","terminal","1.0000","1.0000"
"cwa_dataset1_4","next","0.8454","0.8454"
"cwa_dataset2_1","goal","0.2000","1.0000"
"cwa_dataset2_1","legal","1.0000","1.0000"
"cwa_dataset2_1","terminal","1.0000","1.0000"
"cwa_dataset2_1","next","0.5716","0.9316"
"cwa_dataset2_2","goal","0.2000","1.0000"
"cwa_dataset2_2","legal","1.0000","1.0000"
"cwa_dataset2_2","terminal","1.0000","1.0000"
"cwa_dataset2_2","next","0.5716","0.9316"
"cwa_dataset2_3","goal","0.2000","1.0000"
"cwa_dataset2_3","legal","1.0000","1.0000"
"cwa_dataset2_3","terminal","1.0000","1.0000"
"cwa_dataset2_3","next","0.5716","0.9316"
"cwa_dataset2_4","goal","0.2000","1.0000"
"cwa_dataset2_4","legal","1.0000","1.0000"
"cwa_dataset2_4","terminal","1.0000","1.0000"
"cwa_dataset2_4","next","0.5716","0.9316"
"cwa_dataset3_1","goal","0.4975","0.9789"
"cwa_dataset3_1","legal","1.0000","1.0000"
"cwa_dataset3_1","terminal","1.0000","1.0000"
"cwa_dataset3_1","next","0.5243","0.5730"
"cwa_dataset3_2","goal","0.4975","0.9789"
"cwa_dataset3_2","legal","1.0000","1.0000"
"cwa_dataset3_2","terminal","1.0000","1.0000"
"cwa_dataset3_2","next","0.5243","0.5730"
"cwa_dataset3_3","goal","0.4975","0.9789"
"cwa_dataset3_3","legal","1.0000","1.0000"
"cwa_dataset3_3","terminal","1.0000","1.0000"
"cwa_dataset3_3","next","0.5243","0.5730"
"cwa_dataset3_4","goal","0.4975","0.9789"
"cwa_dataset3_4","legal","1.0000","1.0000"
"cwa_dataset3_4","terminal","1.0000","1.0000"
"cwa_dataset3_4","next","0.5243","0.5730"
